sensor	oversampling	sec	temperature	pressure
HP206C	512	0.0	22.66	1003.57
HP206C	512	0.02	22.72	1003.71
HP206C	512	0.039	22.75	1003.84
HP206C	512	0.059	22.78	1003.75
HP206C	512	0.078	22.78	1003.83
HP206C	512	0.098	22.8	1003.99
HP206C	512	0.117	22.8	1003.8
HP206C	512	0.136	22.82	1003.97
HP206C	512	0.156	22.82	1003.83
HP206C	512	0.175	22.83	1003.92
HP206C	512	0.195	22.83	1003.93
HP206C	512	0.214	22.83	1003.91
HP206C	512	0.234	22.83	1003.81
HP206C	512	0.253	22.84	1003.9
HP206C	512	0.272	22.84	1003.95
HP206C	512	0.292	22.85	1004.02
HP206C	512	0.311	22.84	1003.83
HP206C	512	0.331	22.84	1003.82
HP206C	512	0.35	22.85	1003.95
HP206C	512	0.37	22.85	1003.92
HP206C	512	0.389	22.85	1003.81
HP206C	512	0.408	22.86	1003.93
HP206C	512	0.428	22.85	1003.88
HP206C	512	0.447	22.86	1003.68
HP206C	512	0.467	22.85	1003.97
HP206C	512	0.486	22.86	1003.75
HP206C	512	0.506	22.86	1003.87
HP206C	512	0.525	22.86	1004.05
HP206C	512	0.544	22.87	1003.84
HP206C	512	0.564	22.86	1003.86
HP206C	512	0.583	22.86	1003.9
HP206C	512	0.603	22.86	1003.82
HP206C	512	0.622	22.86	1003.9
HP206C	512	0.642	22.87	1003.75
HP206C	512	0.661	22.86	1003.68
HP206C	512	0.68	22.87	1003.88
HP206C	512	0.7	22.87	1003.8
HP206C	512	0.719	22.88	1003.98
HP206C	512	0.739	22.87	1003.89
HP206C	512	0.758	22.87	1003.86
HP206C	512	0.778	22.87	1003.75
HP206C	512	0.797	22.87	1003.61
HP206C	512	0.817	22.87	1003.89
HP206C	512	0.836	22.88	1004.09
HP206C	512	0.855	22.88	1003.75
HP206C	512	0.875	22.88	1003.79
HP206C	512	0.894	22.88	1003.91
HP206C	512	0.914	22.88	1004.01
HP206C	512	0.933	22.88	1003.88
HP206C	512	0.953	22.88	1003.95
HP206C	512	0.972	22.88	1003.68
HP206C	512	0.991	22.88	1003.77
HP206C	512	1.011	22.87	1003.97
HP206C	512	1.03	22.88	1003.87
HP206C	512	1.05	22.88	1003.8
HP206C	512	1.069	22.88	1003.87
HP206C	512	1.089	22.88	1003.92
HP206C	512	1.108	22.88	1003.75
HP206C	512	1.127	22.88	1003.8
HP206C	512	1.147	22.89	1003.86
HP206C	512	1.166	22.88	1003.96
HP206C	512	1.186	22.88	1003.85
HP206C	512	1.205	22.88	1003.8
HP206C	512	1.225	22.89	1003.86
HP206C	512	1.244	22.89	1003.7
HP206C	512	1.264	22.89	1003.84
HP206C	512	1.283	22.9	1004.06
HP206C	512	1.302	22.88	1003.85
HP206C	512	1.322	22.89	1003.87
HP206C	512	1.341	22.89	1003.85
HP206C	512	1.361	22.89	1003.98
HP206C	512	1.38	22.89	1004.04
HP206C	512	1.4	22.89	1003.9
HP206C	512	1.419	22.89	1003.83
HP206C	512	1.439	22.89	1003.77
HP206C	512	1.458	22.89	1003.97
HP206C	512	1.478	22.89	1003.87
HP206C	512	1.497	22.88	1003.75
HP206C	512	1.516	22.89	1003.88
HP206C	512	1.536	22.9	1003.97
HP206C	512	1.555	22.9	1003.89
HP206C	512	1.575	22.89	1003.81
HP206C	512	1.594	22.89	1003.96
HP206C	512	1.614	22.88	1003.91
HP206C	512	1.633	22.9	1003.81
HP206C	512	1.653	22.89	1004.04
HP206C	512	1.672	22.9	1003.93
HP206C	512	1.691	22.89	1003.71
HP206C	512	1.711	22.9	1003.72
HP206C	512	1.73	22.9	1003.72
HP206C	512	1.75	22.89	1004.0
HP206C	512	1.769	22.89	1004.06
HP206C	512	1.789	22.9	1003.78
HP206C	512	1.808	22.9	1003.88
HP206C	512	1.827	22.89	1003.87
HP206C	512	1.847	22.89	1003.93
HP206C	512	1.866	22.89	1003.77
HP206C	512	1.886	22.9	1003.84
HP206C	512	1.905	22.9	1003.83
HP206C	512	1.925	22.9	1003.88
HP206C	512	1.944	22.9	1003.8
HP206C	512	1.963	22.9	1004.01
HP206C	512	1.983	22.9	1003.85
HP206C	512	2.002	22.9	1003.88
HP206C	512	2.022	22.9	1003.8
HP206C	512	2.041	22.9	1003.81
HP206C	512	2.061	22.9	1003.86
HP206C	512	2.08	22.9	1003.93
HP206C	512	2.1	22.9	1003.77
HP206C	512	2.119	22.9	1004.01
HP206C	512	2.138	22.9	1003.85
HP206C	512	2.158	22.9	1003.76
HP206C	512	2.177	22.91	1004.05
HP206C	512	2.197	22.9	1003.76
HP206C	512	2.216	22.9	1003.99
HP206C	512	2.236	22.9	1003.91
HP206C	512	2.255	22.9	1004.04
HP206C	512	2.275	22.9	1004.01
HP206C	512	2.294	22.9	1003.86
HP206C	512	2.313	22.9	1003.8
HP206C	512	2.333	22.9	1003.96
HP206C	512	2.352	22.91	1003.94
HP206C	512	2.372	22.9	1003.8
HP206C	512	2.391	22.9	1003.85
HP206C	512	2.41	22.9	1003.89
HP206C	512	2.43	22.91	1003.82
HP206C	512	2.449	22.9	1003.85
HP206C	512	2.469	22.9	1003.77
HP206C	512	2.488	22.9	1003.93
HP206C	512	2.508	22.9	1003.94
HP206C	512	2.527	22.91	1004.0
HP206C	512	2.547	22.9	1003.88
HP206C	512	2.566	22.9	1003.99
HP206C	512	2.585	22.9	1003.88
HP206C	512	2.605	22.9	1003.96
HP206C	512	2.624	22.9	1003.88
HP206C	512	2.644	22.9	1003.94
HP206C	512	2.663	22.91	1003.98
HP206C	512	2.683	22.91	1004.08
HP206C	512	2.702	22.91	1003.83
HP206C	512	2.721	22.91	1003.91
HP206C	512	2.741	22.91	1004.05
HP206C	512	2.76	22.91	1004.05
HP206C	512	2.78	22.91	1003.89
HP206C	512	2.799	22.91	1003.78
HP206C	512	2.819	22.91	1003.92
HP206C	512	2.838	22.91	1003.97
HP206C	512	2.858	22.91	1003.98
HP206C	512	2.877	22.91	1003.74
HP206C	512	2.897	22.91	1003.98
HP206C	512	2.916	22.91	1003.83
HP206C	512	2.935	22.91	1003.79
HP206C	512	2.955	22.91	1003.97
HP206C	512	2.974	22.91	1003.94
HP206C	512	2.994	22.91	1003.93
HP206C	512	3.013	22.91	1003.84
HP206C	512	3.033	22.9	1003.93
HP206C	512	3.052	22.9	1003.94
HP206C	512	3.071	22.91	1003.82
HP206C	512	3.091	22.9	1003.97
HP206C	512	3.11	22.91	1003.76
HP206C	512	3.13	22.91	1003.82
HP206C	512	3.149	22.91	1003.81
HP206C	512	3.168	22.91	1003.65
HP206C	512	3.188	22.92	1003.88
HP206C	512	3.207	22.91	1003.84
HP206C	512	3.227	22.91	1003.8
HP206C	512	3.246	22.91	1003.83
HP206C	512	3.266	22.91	1003.8
HP206C	512	3.285	22.92	1003.86
HP206C	512	3.304	22.91	1003.91
HP206C	512	3.324	22.91	1003.79
HP206C	512	3.343	22.92	1003.84
HP206C	512	3.363	22.92	1003.85
HP206C	512	3.382	22.91	1003.75
HP206C	512	3.402	22.92	1003.91
HP206C	512	3.421	22.91	1003.75
HP206C	512	3.44	22.91	1003.88
HP206C	512	3.46	22.92	1003.72
HP206C	512	3.479	22.91	1003.87
HP206C	512	3.499	22.92	1003.75
HP206C	512	3.518	22.91	1003.9
HP206C	512	3.538	22.9	1003.85
HP206C	512	3.557	22.92	1003.83
HP206C	512	3.576	22.91	1003.74
HP206C	512	3.596	22.92	1003.83
HP206C	512	3.615	22.92	1003.8
HP206C	512	3.635	22.91	1004.02
HP206C	512	3.654	22.92	1003.93
HP206C	512	3.674	22.91	1004.04
HP206C	512	3.693	22.92	1003.67
HP206C	512	3.712	22.92	1003.73
HP206C	512	3.732	22.92	1004.0
HP206C	512	3.751	22.92	1003.75
HP206C	512	3.771	22.92	1003.81
HP206C	512	3.79	22.92	1004.02
HP206C	512	3.81	22.91	1003.93
HP206C	512	3.829	22.92	1003.88
HP206C	512	3.848	22.92	1003.83
HP206C	512	3.868	22.92	1003.75
HP206C	512	3.887	22.91	1003.85
HP206C	512	3.907	22.92	1003.67
HP206C	512	3.926	22.92	1003.76
HP206C	512	3.946	22.92	1003.72
HP206C	512	3.965	22.92	1003.9
HP206C	512	3.984	22.93	1003.93
HP206C	512	4.004	22.93	1003.77
HP206C	512	4.023	22.93	1003.82
HP206C	512	4.043	22.93	1003.85
HP206C	512	4.062	22.93	1004.04
HP206C	512	4.082	22.93	1003.85
HP206C	512	4.101	22.92	1003.79
HP206C	512	4.12	22.92	1003.78
HP206C	512	4.14	22.92	1004.08
HP206C	512	4.159	22.92	1004.05
HP206C	512	4.179	22.92	1003.87
HP206C	512	4.198	22.92	1004.08
HP206C	512	4.218	22.92	1003.82
HP206C	512	4.237	22.92	1003.87
HP206C	512	4.256	22.92	1004.01
HP206C	512	4.276	22.92	1003.89
HP206C	512	4.295	22.92	1004.01
HP206C	512	4.315	22.92	1003.9
HP206C	512	4.334	22.92	1003.77
HP206C	512	4.354	22.92	1003.93
HP206C	512	4.373	22.93	1003.87
HP206C	512	4.393	22.92	1003.77
HP206C	512	4.412	22.92	1003.89
HP206C	512	4.432	22.92	1003.72
HP206C	512	4.451	22.93	1003.95
HP206C	512	4.47	22.92	1003.77
HP206C	512	4.49	22.92	1003.68
HP206C	512	4.509	22.92	1004.03
HP206C	512	4.529	22.92	1003.77
HP206C	512	4.548	22.93	1003.72
HP206C	512	4.568	22.92	1003.82
HP206C	512	4.587	22.92	1003.86
HP206C	512	4.606	22.93	1003.96
HP206C	512	4.626	22.93	1004.04
HP206C	512	4.645	22.93	1003.91
HP206C	512	4.665	22.93	1003.89
HP206C	512	4.684	22.92	1003.86
HP206C	512	4.704	22.93	1004.05
HP206C	512	4.723	22.92	1003.98
HP206C	512	4.742	22.93	1003.9
HP206C	512	4.762	22.92	1003.75
HP206C	512	4.781	22.92	1003.81
HP206C	512	4.801	22.93	1004.04
HP206C	512	4.82	22.94	1003.89
HP206C	512	4.84	22.93	1003.96
HP206C	512	4.859	22.92	1003.82
HP206C	512	4.878	22.93	1003.9
HP206C	512	4.898	22.93	1003.78
HP206C	512	4.917	22.93	1003.77
HP206C	512	4.937	22.93	1003.87
HP206C	512	4.956	22.93	1003.88
HP206C	512	4.976	22.93	1003.86
HP206C	512	4.995	22.93	1003.77
MS5803_01BA	512	0.0	22.96	1011.02
MS5803_01BA	512	0.006	22.95	1011.04
MS5803_01BA	512	0.012	22.95	1011.06
MS5803_01BA	512	0.018	22.95	1010.99
MS5803_01BA	512	0.024	22.95	1010.99
MS5803_01BA	512	0.03	22.96	1011.02
MS5803_01BA	512	0.035	22.97	1010.96
MS5803_01BA	512	0.041	22.96	1011.03
MS5803_01BA	512	0.047	22.96	1011.08
MS5803_01BA	512	0.053	22.96	1010.95
MS5803_01BA	512	0.059	22.97	1011.05
MS5803_01BA	512	0.065	22.96	1011.03
MS5803_01BA	512	0.07	22.96	1011.0
MS5803_01BA	512	0.076	22.97	1010.98
MS5803_01BA	512	0.082	22.97	1011.01
MS5803_01BA	512	0.088	22.98	1011.0
MS5803_01BA	512	0.094	22.97	1011.01
MS5803_01BA	512	0.1	22.97	1011.02
MS5803_01BA	512	0.106	22.97	1010.99
MS5803_01BA	512	0.111	22.97	1010.99
MS5803_01BA	512	0.117	22.98	1010.98
MS5803_01BA	512	0.123	22.97	1010.96
MS5803_01BA	512	0.129	22.98	1011.03
MS5803_01BA	512	0.135	22.98	1010.98
MS5803_01BA	512	0.141	22.98	1011.03
MS5803_01BA	512	0.147	22.98	1011.0
MS5803_01BA	512	0.153	22.98	1010.96
MS5803_01BA	512	0.158	22.98	1010.98
MS5803_01BA	512	0.164	22.98	1011.02
MS5803_01BA	512	0.17	22.97	1010.92
MS5803_01BA	512	0.176	22.98	1010.95
MS5803_01BA	512	0.182	22.98	1010.98
MS5803_01BA	512	0.188	22.98	1011.01
MS5803_01BA	512	0.194	22.97	1010.94
MS5803_01BA	512	0.199	22.98	1010.97
MS5803_01BA	512	0.205	22.98	1011.02
MS5803_01BA	512	0.211	22.99	1011.0
MS5803_01BA	512	0.217	22.98	1010.97
MS5803_01BA	512	0.223	22.98	1010.99
MS5803_01BA	512	0.229	22.99	1010.98
MS5803_01BA	512	0.235	22.98	1011.02
MS5803_01BA	512	0.24	22.98	1010.97
MS5803_01BA	512	0.246	22.98	1011.02
MS5803_01BA	512	0.252	22.98	1011.04
MS5803_01BA	512	0.258	22.99	1010.97
MS5803_01BA	512	0.264	22.98	1010.99
MS5803_01BA	512	0.27	22.99	1011.01
MS5803_01BA	512	0.276	22.99	1010.98
MS5803_01BA	512	0.281	22.99	1011.0
MS5803_01BA	512	0.287	22.99	1010.95
MS5803_01BA	512	0.293	22.99	1010.96
MS5803_01BA	512	0.299	22.99	1010.97
MS5803_01BA	512	0.305	22.99	1010.96
MS5803_01BA	512	0.311	22.99	1010.96
MS5803_01BA	512	0.317	22.99	1011.04
MS5803_01BA	512	0.322	22.99	1010.97
MS5803_01BA	512	0.328	23.0	1011.02
MS5803_01BA	512	0.334	22.99	1011.01
MS5803_01BA	512	0.34	23.0	1011.02
MS5803_01BA	512	0.346	23.0	1011.02
MS5803_01BA	512	0.352	23.0	1010.99
MS5803_01BA	512	0.358	23.0	1011.02
MS5803_01BA	512	0.363	23.0	1010.99
MS5803_01BA	512	0.369	22.99	1010.98
MS5803_01BA	512	0.375	22.99	1010.96
MS5803_01BA	512	0.381	23.0	1011.04
MS5803_01BA	512	0.387	23.0	1011.0
MS5803_01BA	512	0.393	22.99	1010.98
MS5803_01BA	512	0.399	23.0	1010.97
MS5803_01BA	512	0.404	23.01	1010.98
MS5803_01BA	512	0.41	22.99	1010.96
MS5803_01BA	512	0.416	23.0	1010.97
MS5803_01BA	512	0.422	23.0	1010.97
MS5803_01BA	512	0.428	23.0	1010.97
MS5803_01BA	512	0.434	23.01	1010.98
MS5803_01BA	512	0.44	23.0	1011.08
MS5803_01BA	512	0.445	23.0	1010.97
MS5803_01BA	512	0.451	23.01	1010.96
MS5803_01BA	512	0.457	23.01	1010.98
MS5803_01BA	512	0.463	23.01	1011.02
MS5803_01BA	512	0.469	23.01	1011.04
MS5803_01BA	512	0.475	23.0	1010.97
MS5803_01BA	512	0.481	23.0	1010.91
MS5803_01BA	512	0.487	23.01	1010.98
MS5803_01BA	512	0.492	23.01	1011.03
MS5803_01BA	512	0.498	23.0	1010.9
MS5803_01BA	512	0.504	23.01	1010.99
MS5803_01BA	512	0.51	23.01	1011.03
MS5803_01BA	512	0.516	23.01	1010.93
MS5803_01BA	512	0.522	23.01	1010.99
MS5803_01BA	512	0.528	23.01	1011.01
MS5803_01BA	512	0.533	23.01	1011.02
MS5803_01BA	512	0.539	23.0	1011.0
MS5803_01BA	512	0.545	23.01	1011.0
MS5803_01BA	512	0.551	23.01	1011.08
MS5803_01BA	512	0.557	23.01	1011.02
MS5803_01BA	512	0.563	23.01	1010.97
MS5803_01BA	512	0.569	23.01	1010.99
MS5803_01BA	512	0.574	23.01	1011.02
MS5803_01BA	512	0.58	23.01	1010.99
MS5803_01BA	512	0.586	23.01	1010.9
MS5803_01BA	512	0.592	23.01	1010.97
MS5803_01BA	512	0.598	23.01	1010.91
MS5803_01BA	512	0.604	23.02	1011.01
MS5803_01BA	512	0.61	23.01	1010.97
MS5803_01BA	512	0.615	23.01	1011.0
MS5803_01BA	512	0.621	23.01	1011.0
MS5803_01BA	512	0.627	23.01	1010.99
MS5803_01BA	512	0.633	23.01	1010.99
MS5803_01BA	512	0.639	23.01	1011.03
MS5803_01BA	512	0.645	23.01	1010.95
MS5803_01BA	512	0.651	23.02	1010.96
MS5803_01BA	512	0.657	23.02	1010.98
MS5803_01BA	512	0.662	23.02	1010.98
MS5803_01BA	512	0.668	23.02	1011.01
MS5803_01BA	512	0.674	23.02	1010.96
MS5803_01BA	512	0.68	23.02	1011.01
MS5803_01BA	512	0.686	23.02	1011.06
MS5803_01BA	512	0.692	23.02	1010.96
MS5803_01BA	512	0.698	23.03	1011.01
MS5803_01BA	512	0.703	23.02	1010.99
MS5803_01BA	512	0.709	23.01	1010.97
MS5803_01BA	512	0.715	23.03	1011.03
MS5803_01BA	512	0.721	23.02	1010.99
MS5803_01BA	512	0.727	23.02	1011.01
MS5803_01BA	512	0.733	23.02	1011.01
MS5803_01BA	512	0.738	23.02	1011.01
MS5803_01BA	512	0.744	23.02	1010.98
MS5803_01BA	512	0.75	23.02	1011.01
MS5803_01BA	512	0.756	23.02	1011.01
MS5803_01BA	512	0.762	23.01	1011.0
MS5803_01BA	512	0.768	23.02	1011.11
MS5803_01BA	512	0.774	23.01	1010.97
MS5803_01BA	512	0.78	23.02	1010.96
MS5803_01BA	512	0.785	23.01	1010.95
MS5803_01BA	512	0.791	23.02	1010.98
MS5803_01BA	512	0.797	23.02	1010.96
MS5803_01BA	512	0.803	23.02	1011.02
MS5803_01BA	512	0.809	23.02	1010.98
MS5803_01BA	512	0.815	23.02	1010.99
MS5803_01BA	512	0.821	23.02	1010.96
MS5803_01BA	512	0.826	23.02	1011.01
MS5803_01BA	512	0.832	23.02	1010.96
MS5803_01BA	512	0.838	23.02	1011.02
MS5803_01BA	512	0.844	23.02	1010.96
MS5803_01BA	512	0.85	23.02	1010.98
MS5803_01BA	512	0.856	23.03	1011.1
MS5803_01BA	512	0.862	23.02	1011.02
MS5803_01BA	512	0.868	23.02	1010.96
MS5803_01BA	512	0.874	23.02	1010.96
MS5803_01BA	512	0.88	23.02	1010.96
MS5803_01BA	512	0.885	23.03	1010.97
MS5803_01BA	512	0.891	23.02	1010.96
MS5803_01BA	512	0.897	23.02	1011.02
MS5803_01BA	512	0.903	23.02	1010.99
MS5803_01BA	512	0.909	23.02	1011.02
MS5803_01BA	512	0.915	23.02	1010.98
MS5803_01BA	512	0.921	23.02	1010.91
MS5803_01BA	512	0.926	23.02	1010.96
MS5803_01BA	512	0.932	23.03	1011.01
MS5803_01BA	512	0.938	23.03	1011.03
MS5803_01BA	512	0.944	23.02	1010.96
MS5803_01BA	512	0.95	23.02	1011.02
MS5803_01BA	512	0.956	23.03	1010.97
MS5803_01BA	512	0.962	23.03	1010.97
MS5803_01BA	512	0.967	23.03	1011.05
MS5803_01BA	512	0.973	23.03	1011.03
MS5803_01BA	512	0.979	23.03	1011.03
MS5803_01BA	512	0.985	23.03	1011.0
MS5803_01BA	512	0.991	23.02	1010.99
MS5803_01BA	512	0.997	23.03	1010.95
MS5803_01BA	512	1.003	23.03	1011.03
MS5803_01BA	512	1.009	23.03	1010.98
MS5803_01BA	512	1.014	23.03	1010.98
MS5803_01BA	512	1.02	23.03	1011.09
MS5803_01BA	512	1.026	23.03	1010.97
MS5803_01BA	512	1.032	23.03	1010.97
MS5803_01BA	512	1.038	23.03	1011.01
MS5803_01BA	512	1.044	23.03	1011.0
MS5803_01BA	512	1.05	23.03	1011.0
MS5803_01BA	512	1.055	23.03	1010.96
MS5803_01BA	512	1.061	23.03	1011.01
MS5803_01BA	512	1.067	23.03	1011.0
MS5803_01BA	512	1.073	23.03	1010.92
MS5803_01BA	512	1.079	23.03	1011.03
MS5803_01BA	512	1.085	23.03	1010.98
MS5803_01BA	512	1.091	23.03	1010.93
MS5803_01BA	512	1.096	23.03	1010.97
MS5803_01BA	512	1.102	23.03	1010.97
MS5803_01BA	512	1.108	23.03	1011.03
MS5803_01BA	512	1.114	23.03	1010.95
MS5803_01BA	512	1.12	23.03	1010.98
MS5803_01BA	512	1.126	23.03	1010.98
MS5803_01BA	512	1.132	23.03	1010.96
MS5803_01BA	512	1.137	23.04	1010.99
MS5803_01BA	512	1.143	23.03	1011.0
MS5803_01BA	512	1.149	23.04	1010.99
MS5803_01BA	512	1.155	23.04	1011.02
MS5803_01BA	512	1.161	23.04	1010.94
MS5803_01BA	512	1.167	23.04	1010.99
MS5803_01BA	512	1.173	23.03	1010.98
MS5803_01BA	512	1.178	23.03	1010.98
MS5803_01BA	512	1.184	23.03	1010.98
MS5803_01BA	512	1.19	23.04	1011.02
MS5803_01BA	512	1.196	23.03	1010.98
MS5803_01BA	512	1.202	23.03	1010.98
MS5803_01BA	512	1.208	23.04	1011.05
MS5803_01BA	512	1.214	23.04	1011.02
MS5803_01BA	512	1.22	23.04	1011.04
MS5803_01BA	512	1.225	23.03	1010.96
MS5803_01BA	512	1.231	23.04	1010.99
MS5803_01BA	512	1.237	23.03	1011.0
MS5803_01BA	512	1.243	23.04	1011.0
MS5803_01BA	512	1.249	23.04	1010.96
MS5803_01BA	512	1.255	23.04	1011.04
MS5803_01BA	512	1.261	23.04	1010.96
MS5803_01BA	512	1.266	23.04	1010.99
MS5803_01BA	512	1.272	23.04	1010.94
MS5803_01BA	512	1.278	23.04	1010.99
MS5803_01BA	512	1.284	23.04	1010.96
MS5803_01BA	512	1.29	23.03	1011.03
MS5803_01BA	512	1.296	23.04	1010.99
MS5803_01BA	512	1.302	23.04	1010.99
MS5803_01BA	512	1.307	23.04	1011.05
MS5803_01BA	512	1.313	23.04	1011.02
MS5803_01BA	512	1.319	23.03	1010.96
MS5803_01BA	512	1.325	23.03	1010.98
MS5803_01BA	512	1.331	23.04	1011.02
MS5803_01BA	512	1.337	23.04	1011.02
MS5803_01BA	512	1.343	23.04	1010.96
MS5803_01BA	512	1.348	23.04	1011.02
MS5803_01BA	512	1.354	23.04	1010.99
MS5803_01BA	512	1.36	23.04	1010.97
MS5803_01BA	512	1.366	23.03	1011.03
MS5803_01BA	512	1.372	23.04	1010.99
MS5803_01BA	512	1.378	23.04	1010.94
MS5803_01BA	512	1.384	23.04	1010.97
MS5803_01BA	512	1.389	23.04	1011.0
MS5803_01BA	512	1.395	23.04	1010.96
MS5803_01BA	512	1.401	23.04	1011.02
MS5803_01BA	512	1.407	23.04	1010.99
MS5803_01BA	512	1.413	23.04	1011.0
MS5803_01BA	512	1.419	23.05	1011.02
MS5803_01BA	512	1.425	23.05	1010.98
MS5803_01BA	512	1.43	23.04	1010.96
MS5803_01BA	512	1.436	23.03	1010.97
MS5803_01BA	512	1.442	23.04	1011.0
MS5803_01BA	512	1.448	23.04	1011.0
MS5803_01BA	512	1.454	23.04	1010.97
MS5803_01BA	512	1.46	23.04	1010.97
MS5803_01BA	512	1.466	23.04	1011.0
MS5803_01BA	512	1.471	23.03	1010.97
MS5803_01BA	512	1.477	23.04	1011.02
MS5803_01BA	512	1.483	23.04	1011.0
MS5803_01BA	512	1.489	23.04	1010.95
MS5803_01BA	512	1.495	23.04	1010.97
MS5803_01BA	512	1.501	23.05	1011.01
MS5803_01BA	512	1.507	23.04	1010.97
MS5803_01BA	512	1.513	23.04	1011.0
MS5803_01BA	512	1.518	23.04	1010.96
MS5803_01BA	512	1.524	23.05	1010.98
MS5803_01BA	512	1.53	23.04	1010.92
MS5803_01BA	512	1.536	23.04	1010.97
MS5803_01BA	512	1.542	23.04	1010.87
MS5803_01BA	512	1.548	23.04	1010.94
MS5803_01BA	512	1.554	23.04	1011.05
MS5803_01BA	512	1.559	23.04	1010.86
MS5803_01BA	512	1.565	23.04	1011.02
MS5803_01BA	512	1.571	23.04	1011.0
MS5803_01BA	512	1.577	23.05	1011.01
MS5803_01BA	512	1.583	23.04	1011.05
MS5803_01BA	512	1.589	23.04	1011.0
MS5803_01BA	512	1.594	23.05	1010.9
MS5803_01BA	512	1.6	23.04	1010.97
MS5803_01BA	512	1.606	23.04	1011.0
MS5803_01BA	512	1.612	23.04	1010.94
MS5803_01BA	512	1.618	23.05	1011.01
MS5803_01BA	512	1.624	23.05	1010.95
MS5803_01BA	512	1.63	23.05	1010.99
MS5803_01BA	512	1.635	23.05	1011.03
MS5803_01BA	512	1.641	23.05	1011.03
MS5803_01BA	512	1.647	23.04	1010.97
MS5803_01BA	512	1.653	23.04	1011.0
MS5803_01BA	512	1.659	23.04	1011.0
MS5803_01BA	512	1.665	23.04	1010.97
MS5803_01BA	512	1.671	23.05	1011.01
MS5803_01BA	512	1.677	23.05	1010.99
MS5803_01BA	512	1.682	23.05	1010.98
MS5803_01BA	512	1.688	23.05	1011.02
MS5803_01BA	512	1.694	23.05	1010.98
MS5803_01BA	512	1.7	23.05	1011.04
MS5803_01BA	512	1.706	23.05	1010.94
MS5803_01BA	512	1.712	23.05	1011.03
MS5803_01BA	512	1.718	23.05	1010.98
MS5803_01BA	512	1.723	23.06	1011.01
MS5803_01BA	512	1.729	23.05	1010.95
MS5803_01BA	512	1.735	23.05	1010.99
MS5803_01BA	512	1.741	23.05	1010.98
MS5803_01BA	512	1.747	23.05	1010.98
MS5803_01BA	512	1.753	23.05	1011.01
MS5803_01BA	512	1.759	23.05	1010.93
MS5803_01BA	512	1.764	23.05	1010.96
MS5803_01BA	512	1.77	23.05	1010.98
MS5803_01BA	512	1.776	23.05	1010.95
MS5803_01BA	512	1.782	23.05	1011.03
MS5803_01BA	512	1.788	23.05	1010.99
MS5803_01BA	512	1.794	23.04	1011.08
MS5803_01BA	512	1.8	23.05	1011.01
MS5803_01BA	512	1.805	23.04	1010.97
MS5803_01BA	512	1.811	23.05	1010.98
MS5803_01BA	512	1.817	23.05	1011.01
MS5803_01BA	512	1.823	23.05	1011.03
MS5803_01BA	512	1.829	23.05	1011.08
MS5803_01BA	512	1.835	23.05	1011.02
MS5803_01BA	512	1.841	23.05	1010.95
MS5803_01BA	512	1.846	23.05	1011.01
MS5803_01BA	512	1.852	23.05	1011.02
MS5803_01BA	512	1.858	23.05	1011.01
MS5803_01BA	512	1.864	23.05	1010.95
MS5803_01BA	512	1.87	23.05	1011.01
MS5803_01BA	512	1.876	23.05	1010.98
MS5803_01BA	512	1.882	23.05	1010.98
MS5803_01BA	512	1.887	23.05	1010.95
MS5803_01BA	512	1.893	23.05	1010.99
MS5803_01BA	512	1.899	23.05	1010.99
MS5803_01BA	512	1.905	23.05	1011.01
MS5803_01BA	512	1.911	23.05	1010.93
MS5803_01BA	512	1.917	23.04	1011.0
MS5803_01BA	512	1.923	23.06	1010.98
MS5803_01BA	512	1.928	23.05	1011.03
MS5803_01BA	512	1.934	23.05	1011.04
MS5803_01BA	512	1.94	23.03	1010.92
MS5803_01BA	512	1.946	23.05	1011.02
MS5803_01BA	512	1.952	23.05	1011.02
MS5803_01BA	512	1.958	23.05	1011.03
MS5803_01BA	512	1.964	23.05	1011.01
MS5803_01BA	512	1.97	23.05	1010.96
MS5803_01BA	512	1.975	23.04	1010.99
MS5803_01BA	512	1.981	23.05	1011.01
MS5803_01BA	512	1.987	23.05	1010.95
MS5803_01BA	512	1.993	23.05	1011.03
MS5803_01BA	512	1.999	23.05	1011.02
MS5803_01BA	512	2.005	23.05	1010.96
MS5803_01BA	512	2.011	23.05	1011.0
MS5803_01BA	512	2.017	23.05	1010.99
MS5803_01BA	512	2.022	23.05	1011.02
MS5803_01BA	512	2.028	23.05	1011.05
MS5803_01BA	512	2.034	23.05	1010.97
MS5803_01BA	512	2.04	23.05	1011.0
MS5803_01BA	512	2.046	23.05	1011.0
MS5803_01BA	512	2.052	23.05	1011.02
MS5803_01BA	512	2.058	23.05	1010.99
MS5803_01BA	512	2.063	23.05	1010.94
MS5803_01BA	512	2.069	23.05	1010.95
MS5803_01BA	512	2.075	23.05	1011.0
MS5803_01BA	512	2.081	23.05	1010.95
MS5803_01BA	512	2.087	23.05	1011.02
MS5803_01BA	512	2.093	23.05	1011.02
MS5803_01BA	512	2.099	23.05	1010.89
MS5803_01BA	512	2.104	23.05	1010.98
MS5803_01BA	512	2.11	23.05	1010.99
MS5803_01BA	512	2.116	23.05	1011.07
MS5803_01BA	512	2.122	23.05	1010.96
MS5803_01BA	512	2.128	23.05	1010.99
MS5803_01BA	512	2.134	23.05	1010.95
MS5803_01BA	512	2.14	23.05	1011.02
MS5803_01BA	512	2.145	23.05	1010.96
MS5803_01BA	512	2.151	23.05	1011.02
MS5803_01BA	512	2.157	23.05	1010.96
MS5803_01BA	512	2.163	23.05	1011.0
MS5803_01BA	512	2.169	23.05	1011.0
MS5803_01BA	512	2.175	23.06	1011.01
MS5803_01BA	512	2.181	23.05	1011.05
MS5803_01BA	512	2.187	23.05	1010.95
MS5803_01BA	512	2.192	23.05	1010.98
MS5803_01BA	512	2.198	23.05	1011.0
MS5803_01BA	512	2.204	23.05	1010.94
MS5803_01BA	512	2.21	23.05	1011.01
MS5803_01BA	512	2.216	23.05	1010.99
MS5803_01BA	512	2.222	23.05	1011.0
MS5803_01BA	512	2.228	23.05	1010.97
MS5803_01BA	512	2.233	23.05	1011.0
MS5803_01BA	512	2.239	23.05	1011.02
MS5803_01BA	512	2.245	23.05	1010.99
MS5803_01BA	512	2.251	23.06	1010.95
MS5803_01BA	512	2.257	23.05	1011.0
MS5803_01BA	512	2.263	23.05	1010.99
MS5803_01BA	512	2.269	23.05	1010.99
MS5803_01BA	512	2.274	23.05	1011.02
MS5803_01BA	512	2.28	23.05	1010.88
MS5803_01BA	512	2.286	23.05	1010.97
MS5803_01BA	512	2.292	23.05	1010.99
MS5803_01BA	512	2.298	23.05	1011.05
MS5803_01BA	512	2.304	23.06	1010.95
MS5803_01BA	512	2.31	23.05	1011.03
MS5803_01BA	512	2.315	23.06	1010.95
MS5803_01BA	512	2.321	23.05	1010.97
MS5803_01BA	512	2.327	23.05	1010.95
MS5803_01BA	512	2.333	23.05	1011.0
MS5803_01BA	512	2.339	23.05	1010.98
MS5803_01BA	512	2.345	23.05	1010.95
MS5803_01BA	512	2.351	23.05	1010.97
MS5803_01BA	512	2.357	23.05	1010.95
MS5803_01BA	512	2.363	23.05	1011.0
MS5803_01BA	512	2.369	23.06	1010.93
MS5803_01BA	512	2.374	23.05	1011.02
MS5803_01BA	512	2.38	23.05	1010.99
MS5803_01BA	512	2.386	23.06	1010.95
MS5803_01BA	512	2.392	23.05	1010.99
MS5803_01BA	512	2.398	23.05	1011.0
MS5803_01BA	512	2.404	23.05	1010.96
MS5803_01BA	512	2.41	23.05	1011.0
MS5803_01BA	512	2.415	23.05	1011.0
MS5803_01BA	512	2.421	23.05	1011.05
MS5803_01BA	512	2.427	23.05	1010.99
MS5803_01BA	512	2.433	23.06	1010.98
MS5803_01BA	512	2.439	23.06	1011.04
MS5803_01BA	512	2.445	23.05	1010.95
MS5803_01BA	512	2.451	23.06	1010.95
MS5803_01BA	512	2.457	23.06	1011.01
MS5803_01BA	512	2.462	23.04	1010.95
MS5803_01BA	512	2.468	23.06	1010.95
MS5803_01BA	512	2.474	23.06	1011.03
MS5803_01BA	512	2.48	23.06	1010.99
MS5803_01BA	512	2.486	23.05	1010.97
MS5803_01BA	512	2.492	23.05	1010.97
MS5803_01BA	512	2.498	23.06	1010.98
MS5803_01BA	512	2.503	23.06	1011.03
MS5803_01BA	512	2.509	23.05	1010.97
MS5803_01BA	512	2.515	23.06	1010.98
MS5803_01BA	512	2.521	23.05	1011.05
MS5803_01BA	512	2.527	23.05	1011.0
MS5803_01BA	512	2.533	23.06	1011.04
MS5803_01BA	512	2.538	23.06	1010.95
MS5803_01BA	512	2.544	23.05	1011.0
MS5803_01BA	512	2.55	23.06	1010.95
MS5803_01BA	512	2.556	23.06	1010.98
MS5803_01BA	512	2.562	23.05	1010.97
MS5803_01BA	512	2.568	23.06	1010.98
MS5803_01BA	512	2.574	23.05	1010.97
MS5803_01BA	512	2.58	23.06	1011.04
MS5803_01BA	512	2.585	23.06	1010.98
MS5803_01BA	512	2.591	23.06	1010.95
MS5803_01BA	512	2.597	23.05	1011.0
MS5803_01BA	512	2.603	23.05	1011.0
MS5803_01BA	512	2.609	23.06	1010.98
MS5803_01BA	512	2.615	23.06	1011.03
MS5803_01BA	512	2.621	23.06	1010.98
MS5803_01BA	512	2.626	23.05	1011.0
MS5803_01BA	512	2.632	23.06	1010.95
MS5803_01BA	512	2.638	23.06	1010.95
MS5803_01BA	512	2.644	23.06	1011.06
MS5803_01BA	512	2.65	23.06	1010.98
MS5803_01BA	512	2.656	23.05	1011.0
MS5803_01BA	512	2.661	23.06	1010.98
MS5803_01BA	512	2.667	23.05	1010.97
MS5803_01BA	512	2.673	23.05	1011.0
MS5803_01BA	512	2.679	23.06	1010.99
MS5803_01BA	512	2.685	23.06	1011.03
MS5803_01BA	512	2.691	23.06	1011.04
MS5803_01BA	512	2.697	23.05	1010.98
MS5803_01BA	512	2.703	23.05	1010.97
MS5803_01BA	512	2.708	23.05	1010.89
MS5803_01BA	512	2.714	23.06	1011.01
MS5803_01BA	512	2.72	23.06	1010.95
MS5803_01BA	512	2.726	23.05	1011.02
MS5803_01BA	512	2.732	23.05	1010.93
MS5803_01BA	512	2.738	23.06	1010.95
MS5803_01BA	512	2.744	23.06	1010.95
MS5803_01BA	512	2.749	23.06	1010.91
MS5803_01BA	512	2.755	23.05	1011.0
MS5803_01BA	512	2.761	23.06	1010.98
MS5803_01BA	512	2.767	23.06	1011.01
MS5803_01BA	512	2.773	23.05	1010.94
MS5803_01BA	512	2.779	23.06	1011.01
MS5803_01BA	512	2.785	23.06	1010.98
MS5803_01BA	512	2.79	23.06	1010.93
MS5803_01BA	512	2.796	23.06	1010.98
MS5803_01BA	512	2.802	23.06	1011.03
MS5803_01BA	512	2.808	23.06	1011.01
MS5803_01BA	512	2.814	23.06	1011.01
MS5803_01BA	512	2.82	23.06	1010.98
MS5803_01BA	512	2.826	23.06	1010.95
MS5803_01BA	512	2.831	23.06	1010.98
MS5803_01BA	512	2.837	23.06	1010.91
MS5803_01BA	512	2.843	23.06	1010.98
MS5803_01BA	512	2.849	23.06	1011.01
MS5803_01BA	512	2.855	23.06	1011.03
MS5803_01BA	512	2.861	23.06	1010.98
MS5803_01BA	512	2.867	23.06	1011.01
MS5803_01BA	512	2.872	23.06	1010.95
MS5803_01BA	512	2.878	23.06	1011.01
MS5803_01BA	512	2.884	23.06	1011.04
MS5803_01BA	512	2.89	23.06	1011.01
MS5803_01BA	512	2.896	23.06	1010.94
MS5803_01BA	512	2.902	23.06	1010.95
MS5803_01BA	512	2.908	23.06	1011.04
MS5803_01BA	512	2.913	23.06	1011.01
MS5803_01BA	512	2.919	23.06	1010.95
MS5803_01BA	512	2.925	23.05	1011.02
MS5803_01BA	512	2.931	23.06	1010.98
MS5803_01BA	512	2.937	23.06	1011.01
MS5803_01BA	512	2.943	23.05	1011.0
MS5803_01BA	512	2.949	23.06	1011.03
MS5803_01BA	512	2.954	23.06	1010.98
MS5803_01BA	512	2.96	23.06	1010.95
MS5803_01BA	512	2.966	23.07	1010.95
MS5803_01BA	512	2.972	23.06	1011.03
MS5803_01BA	512	2.978	23.06	1011.03
MS5803_01BA	512	2.984	23.07	1010.97
MS5803_01BA	512	2.99	23.06	1010.99
MS5803_01BA	512	2.995	23.06	1010.95
MS5803_01BA	512	3.001	23.06	1011.04
MS5803_01BA	512	3.007	23.06	1010.98
MS5803_01BA	512	3.013	23.06	1010.95
MS5803_01BA	512	3.019	23.06	1010.98
MS5803_01BA	512	3.025	23.06	1011.03
MS5803_01BA	512	3.031	23.06	1010.98
MS5803_01BA	512	3.037	23.05	1010.96
MS5803_01BA	512	3.043	23.06	1011.01
MS5803_01BA	512	3.049	23.06	1010.98
MS5803_01BA	512	3.055	23.06	1010.95
MS5803_01BA	512	3.06	23.06	1010.98
MS5803_01BA	512	3.066	23.06	1010.96
MS5803_01BA	512	3.072	23.06	1011.04
MS5803_01BA	512	3.078	23.06	1010.98
MS5803_01BA	512	3.084	23.06	1011.01
MS5803_01BA	512	3.09	23.06	1010.99
MS5803_01BA	512	3.096	23.06	1011.01
MS5803_01BA	512	3.101	23.06	1010.9
MS5803_01BA	512	3.107	23.06	1010.95
MS5803_01BA	512	3.113	23.06	1011.01
MS5803_01BA	512	3.119	23.06	1011.01
MS5803_01BA	512	3.125	23.06	1010.91
MS5803_01BA	512	3.131	23.06	1011.01
MS5803_01BA	512	3.137	23.06	1010.98
MS5803_01BA	512	3.142	23.06	1010.96
MS5803_01BA	512	3.148	23.06	1011.01
MS5803_01BA	512	3.154	23.06	1011.01
MS5803_01BA	512	3.16	23.06	1011.01
MS5803_01BA	512	3.166	23.06	1010.99
MS5803_01BA	512	3.172	23.06	1010.93
MS5803_01BA	512	3.178	23.06	1010.98
MS5803_01BA	512	3.183	23.06	1011.01
MS5803_01BA	512	3.189	23.07	1011.0
MS5803_01BA	512	3.195	23.06	1010.98
MS5803_01BA	512	3.201	23.08	1011.0
MS5803_01BA	512	3.207	23.06	1010.98
MS5803_01BA	512	3.213	23.06	1010.95
MS5803_01BA	512	3.219	23.08	1011.03
MS5803_01BA	512	3.224	23.07	1011.0
MS5803_01BA	512	3.23	23.06	1010.93
MS5803_01BA	512	3.236	23.05	1010.9
MS5803_01BA	512	3.242	23.06	1010.99
MS5803_01BA	512	3.248	23.06	1011.07
MS5803_01BA	512	3.254	23.06	1010.98
MS5803_01BA	512	3.26	23.06	1011.01
MS5803_01BA	512	3.266	23.06	1010.99
MS5803_01BA	512	3.271	23.05	1010.95
MS5803_01BA	512	3.277	23.06	1010.96
MS5803_01BA	512	3.283	23.07	1011.02
MS5803_01BA	512	3.289	23.05	1011.0
MS5803_01BA	512	3.295	23.06	1010.93
MS5803_01BA	512	3.301	23.07	1011.0
MS5803_01BA	512	3.307	23.06	1011.01
MS5803_01BA	512	3.312	23.06	1010.99
MS5803_01BA	512	3.318	23.06	1011.01
MS5803_01BA	512	3.324	23.06	1010.94
MS5803_01BA	512	3.33	23.07	1011.0
MS5803_01BA	512	3.336	23.06	1010.91
MS5803_01BA	512	3.342	23.06	1010.9
MS5803_01BA	512	3.348	23.06	1010.99
MS5803_01BA	512	3.353	23.06	1010.98
MS5803_01BA	512	3.359	23.06	1010.83
MS5803_01BA	512	3.365	23.07	1011.0
MS5803_01BA	512	3.371	23.07	1010.95
MS5803_01BA	512	3.377	23.06	1010.94
MS5803_01BA	512	3.383	23.06	1011.01
MS5803_01BA	512	3.389	23.06	1010.98
MS5803_01BA	512	3.394	23.07	1010.95
MS5803_01BA	512	3.4	23.07	1011.0
MS5803_01BA	512	3.406	23.06	1010.98
MS5803_01BA	512	3.412	23.06	1010.96
MS5803_01BA	512	3.418	23.07	1010.97
MS5803_01BA	512	3.424	23.06	1011.01
MS5803_01BA	512	3.43	23.07	1010.97
MS5803_01BA	512	3.435	23.07	1010.97
MS5803_01BA	512	3.441	23.06	1010.98
MS5803_01BA	512	3.447	23.07	1010.97
MS5803_01BA	512	3.453	23.06	1010.98
MS5803_01BA	512	3.459	23.06	1011.01
MS5803_01BA	512	3.465	23.06	1010.96
MS5803_01BA	512	3.471	23.07	1011.02
MS5803_01BA	512	3.477	23.06	1010.99
MS5803_01BA	512	3.482	23.07	1011.0
MS5803_01BA	512	3.488	23.06	1010.99
MS5803_01BA	512	3.494	23.06	1010.95
MS5803_01BA	512	3.5	23.06	1011.01
MS5803_01BA	512	3.506	23.07	1010.95
MS5803_01BA	512	3.512	23.06	1011.01
MS5803_01BA	512	3.518	23.06	1011.01
MS5803_01BA	512	3.523	23.08	1011.01
MS5803_01BA	512	3.529	23.06	1010.99
MS5803_01BA	512	3.535	23.06	1010.96
MS5803_01BA	512	3.541	23.07	1011.05
MS5803_01BA	512	3.547	23.07	1011.05
MS5803_01BA	512	3.553	23.07	1011.0
MS5803_01BA	512	3.558	23.06	1010.94
MS5803_01BA	512	3.564	23.07	1011.05
MS5803_01BA	512	3.57	23.06	1011.01
MS5803_01BA	512	3.576	23.06	1011.01
MS5803_01BA	512	3.582	23.06	1011.01
MS5803_01BA	512	3.588	23.06	1010.99
MS5803_01BA	512	3.594	23.07	1011.0
MS5803_01BA	512	3.599	23.06	1010.99
MS5803_01BA	512	3.605	23.06	1010.99
MS5803_01BA	512	3.611	23.06	1011.09
MS5803_01BA	512	3.617	23.07	1011.05
MS5803_01BA	512	3.623	23.07	1010.97
MS5803_01BA	512	3.629	23.07	1011.02
MS5803_01BA	512	3.635	23.06	1010.99
MS5803_01BA	512	3.64	23.07	1010.97
MS5803_01BA	512	3.646	23.07	1010.97
MS5803_01BA	512	3.652	23.07	1011.02
MS5803_01BA	512	3.658	23.06	1011.01
MS5803_01BA	512	3.664	23.07	1010.97
MS5803_01BA	512	3.67	23.06	1010.93
MS5803_01BA	512	3.676	23.06	1010.99
MS5803_01BA	512	3.681	23.06	1010.96
MS5803_01BA	512	3.687	23.07	1010.97
MS5803_01BA	512	3.693	23.06	1010.94
MS5803_01BA	512	3.699	23.07	1011.0
MS5803_01BA	512	3.705	23.08	1010.96
MS5803_01BA	512	3.711	23.06	1011.01
MS5803_01BA	512	3.717	23.06	1010.96
MS5803_01BA	512	3.722	23.08	1011.03
MS5803_01BA	512	3.728	23.07	1010.95
MS5803_01BA	512	3.734	23.07	1011.0
MS5803_01BA	512	3.74	23.08	1011.07
MS5803_01BA	512	3.746	23.07	1011.03
MS5803_01BA	512	3.752	23.07	1010.97
MS5803_01BA	512	3.758	23.07	1011.03
MS5803_01BA	512	3.763	23.07	1010.95
MS5803_01BA	512	3.769	23.07	1010.97
MS5803_01BA	512	3.775	23.06	1011.04
MS5803_01BA	512	3.781	23.07	1011.03
MS5803_01BA	512	3.787	23.07	1011.0
MS5803_01BA	512	3.793	23.07	1010.97
MS5803_01BA	512	3.799	23.06	1011.01
MS5803_01BA	512	3.804	23.06	1010.96
MS5803_01BA	512	3.81	23.07	1010.95
MS5803_01BA	512	3.816	23.07	1010.97
MS5803_01BA	512	3.822	23.07	1010.97
MS5803_01BA	512	3.828	23.07	1010.87
MS5803_01BA	512	3.834	23.07	1011.0
MS5803_01BA	512	3.84	23.06	1010.94
MS5803_01BA	512	3.846	23.06	1010.91
MS5803_01BA	512	3.852	23.07	1011.05
MS5803_01BA	512	3.858	23.07	1011.0
MS5803_01BA	512	3.863	23.07	1010.92
MS5803_01BA	512	3.869	23.06	1010.91
MS5803_01BA	512	3.875	23.07	1010.95
MS5803_01BA	512	3.881	23.07	1010.97
MS5803_01BA	512	3.887	23.07	1010.95
MS5803_01BA	512	3.893	23.07	1011.0
MS5803_01BA	512	3.899	23.06	1011.01
MS5803_01BA	512	3.904	23.06	1011.01
MS5803_01BA	512	3.91	23.07	1010.92
MS5803_01BA	512	3.916	23.07	1011.0
MS5803_01BA	512	3.922	23.07	1010.93
MS5803_01BA	512	3.928	23.07	1010.97
MS5803_01BA	512	3.934	23.07	1010.98
MS5803_01BA	512	3.94	23.07	1011.02
MS5803_01BA	512	3.945	23.07	1011.0
MS5803_01BA	512	3.951	23.07	1011.02
MS5803_01BA	512	3.957	23.07	1010.97
MS5803_01BA	512	3.963	23.07	1011.0
MS5803_01BA	512	3.969	23.07	1010.97
MS5803_01BA	512	3.975	23.08	1011.04
MS5803_01BA	512	3.981	23.06	1010.95
MS5803_01BA	512	3.987	23.07	1011.0
MS5803_01BA	512	3.992	23.06	1010.95
MS5803_01BA	512	3.998	23.06	1011.01
MS5803_01BA	512	4.004	23.07	1011.0
MS5803_01BA	512	4.01	23.06	1010.98
MS5803_01BA	512	4.016	23.07	1011.0
MS5803_01BA	512	4.022	23.07	1010.92
MS5803_01BA	512	4.028	23.08	1011.07
MS5803_01BA	512	4.033	23.07	1010.95
MS5803_01BA	512	4.039	23.07	1010.95
MS5803_01BA	512	4.045	23.06	1010.96
MS5803_01BA	512	4.051	23.07	1011.0
MS5803_01BA	512	4.057	23.07	1010.97
MS5803_01BA	512	4.063	23.06	1010.95
MS5803_01BA	512	4.069	23.07	1011.0
MS5803_01BA	512	4.074	23.08	1011.01
MS5803_01BA	512	4.08	23.07	1011.08
MS5803_01BA	512	4.086	23.07	1010.97
MS5803_01BA	512	4.092	23.07	1010.97
MS5803_01BA	512	4.098	23.06	1010.95
MS5803_01BA	512	4.104	23.07	1010.92
MS5803_01BA	512	4.11	23.07	1011.0
MS5803_01BA	512	4.115	23.07	1011.0
MS5803_01BA	512	4.121	23.07	1011.0
MS5803_01BA	512	4.127	23.07	1010.97
MS5803_01BA	512	4.133	23.07	1011.01
MS5803_01BA	512	4.139	23.07	1010.97
MS5803_01BA	512	4.145	23.07	1010.97
MS5803_01BA	512	4.151	23.07	1010.93
MS5803_01BA	512	4.156	23.07	1011.0
MS5803_01BA	512	4.162	23.07	1011.02
MS5803_01BA	512	4.168	23.06	1010.99
MS5803_01BA	512	4.174	23.07	1011.0
MS5803_01BA	512	4.18	23.06	1010.99
MS5803_01BA	512	4.186	23.07	1010.97
MS5803_01BA	512	4.192	23.06	1010.99
MS5803_01BA	512	4.197	23.07	1010.93
MS5803_01BA	512	4.203	23.07	1011.03
MS5803_01BA	512	4.209	23.05	1010.97
MS5803_01BA	512	4.215	23.06	1010.94
MS5803_01BA	512	4.221	23.07	1010.98
MS5803_01BA	512	4.227	23.09	1011.01
MS5803_01BA	512	4.233	23.07	1011.0
MS5803_01BA	512	4.238	23.07	1011.0
MS5803_01BA	512	4.244	23.07	1010.98
MS5803_01BA	512	4.25	23.07	1011.01
MS5803_01BA	512	4.256	23.07	1011.0
MS5803_01BA	512	4.262	23.06	1010.94
MS5803_01BA	512	4.268	23.07	1011.0
MS5803_01BA	512	4.274	23.07	1010.97
MS5803_01BA	512	4.28	23.07	1010.95
MS5803_01BA	512	4.285	23.07	1011.0
MS5803_01BA	512	4.291	23.07	1011.01
MS5803_01BA	512	4.297	23.06	1010.94
MS5803_01BA	512	4.303	23.07	1011.01
MS5803_01BA	512	4.309	23.07	1011.0
MS5803_01BA	512	4.315	23.07	1010.97
MS5803_01BA	512	4.321	23.07	1010.92
MS5803_01BA	512	4.326	23.07	1010.98
MS5803_01BA	512	4.332	23.07	1011.0
MS5803_01BA	512	4.338	23.07	1010.98
MS5803_01BA	512	4.344	23.07	1010.97
MS5803_01BA	512	4.35	23.07	1010.92
MS5803_01BA	512	4.356	23.08	1011.01
MS5803_01BA	512	4.362	23.07	1011.0
MS5803_01BA	512	4.367	23.07	1011.05
MS5803_01BA	512	4.373	23.07	1011.0
MS5803_01BA	512	4.379	23.07	1011.05
MS5803_01BA	512	4.385	23.07	1010.92
MS5803_01BA	512	4.391	23.08	1010.96
MS5803_01BA	512	4.397	23.07	1011.01
MS5803_01BA	512	4.403	23.07	1010.84
MS5803_01BA	512	4.408	23.07	1010.98
MS5803_01BA	512	4.414	23.07	1011.0
MS5803_01BA	512	4.42	23.07	1010.98
MS5803_01BA	512	4.426	23.07	1010.97
MS5803_01BA	512	4.432	23.07	1010.97
MS5803_01BA	512	4.438	23.07	1011.01
MS5803_01BA	512	4.444	23.07	1010.95
MS5803_01BA	512	4.449	23.07	1010.95
MS5803_01BA	512	4.455	23.07	1010.97
MS5803_01BA	512	4.461	23.07	1011.03
MS5803_01BA	512	4.467	23.07	1011.0
MS5803_01BA	512	4.473	23.07	1010.97
MS5803_01BA	512	4.479	23.05	1010.92
MS5803_01BA	512	4.484	23.07	1011.02
MS5803_01BA	512	4.49	23.07	1010.95
MS5803_01BA	512	4.496	23.09	1011.01
MS5803_01BA	512	4.502	23.08	1010.99
MS5803_01BA	512	4.508	23.07	1011.0
MS5803_01BA	512	4.514	23.07	1010.95
MS5803_01BA	512	4.52	23.07	1010.97
MS5803_01BA	512	4.525	23.07	1010.97
MS5803_01BA	512	4.531	23.05	1010.91
MS5803_01BA	512	4.537	23.07	1010.97
MS5803_01BA	512	4.543	23.07	1011.01
MS5803_01BA	512	4.549	23.08	1010.99
MS5803_01BA	512	4.555	23.07	1010.98
MS5803_01BA	512	4.561	23.07	1011.03
MS5803_01BA	512	4.567	23.07	1010.98
MS5803_01BA	512	4.572	23.07	1010.89
MS5803_01BA	512	4.578	23.07	1010.97
MS5803_01BA	512	4.584	23.07	1011.03
MS5803_01BA	512	4.59	23.07	1010.95
MS5803_01BA	512	4.596	23.07	1010.98
MS5803_01BA	512	4.602	23.07	1010.9
MS5803_01BA	512	4.607	23.07	1010.93
MS5803_01BA	512	4.613	23.07	1011.02
MS5803_01BA	512	4.619	23.07	1010.8
MS5803_01BA	512	4.625	23.07	1010.98
MS5803_01BA	512	4.631	23.07	1010.98
MS5803_01BA	512	4.637	23.07	1010.95
MS5803_01BA	512	4.643	23.07	1010.98
MS5803_01BA	512	4.648	23.07	1010.98
MS5803_01BA	512	4.654	23.07	1011.05
MS5803_01BA	512	4.66	23.07	1010.98
MS5803_01BA	512	4.666	23.07	1011.02
MS5803_01BA	512	4.672	23.08	1010.96
MS5803_01BA	512	4.678	23.08	1010.99
MS5803_01BA	512	4.684	23.08	1010.91
MS5803_01BA	512	4.69	23.07	1011.02
MS5803_01BA	512	4.695	23.07	1011.01
MS5803_01BA	512	4.701	23.07	1010.97
MS5803_01BA	512	4.707	23.08	1011.04
MS5803_01BA	512	4.713	23.07	1011.0
MS5803_01BA	512	4.719	23.07	1010.98
MS5803_01BA	512	4.725	23.07	1010.98
MS5803_01BA	512	4.731	23.08	1010.95
MS5803_01BA	512	4.736	23.07	1010.98
MS5803_01BA	512	4.742	23.07	1011.03
MS5803_01BA	512	4.748	23.06	1011.01
MS5803_01BA	512	4.754	23.07	1011.01
MS5803_01BA	512	4.76	23.07	1010.97
MS5803_01BA	512	4.766	23.08	1010.99
MS5803_01BA	512	4.772	23.07	1010.97
MS5803_01BA	512	4.777	23.08	1011.01
MS5803_01BA	512	4.783	23.08	1011.0
MS5803_01BA	512	4.789	23.07	1010.95
MS5803_01BA	512	4.795	23.07	1010.97
MS5803_01BA	512	4.801	23.08	1011.04
MS5803_01BA	512	4.807	23.08	1010.99
MS5803_01BA	512	4.813	23.07	1011.01
MS5803_01BA	512	4.818	23.07	1010.98
MS5803_01BA	512	4.824	23.08	1010.99
MS5803_01BA	512	4.83	23.07	1011.03
MS5803_01BA	512	4.836	23.07	1010.98
MS5803_01BA	512	4.842	23.07	1010.98
MS5803_01BA	512	4.848	23.07	1010.98
MS5803_01BA	512	4.854	23.07	1011.06
MS5803_01BA	512	4.859	23.07	1011.0
MS5803_01BA	512	4.865	23.07	1011.01
MS5803_01BA	512	4.871	23.06	1010.86
MS5803_01BA	512	4.877	23.07	1011.0
MS5803_01BA	512	4.883	23.07	1010.97
MS5803_01BA	512	4.889	23.07	1010.95
MS5803_01BA	512	4.895	23.07	1011.01
MS5803_01BA	512	4.9	23.08	1010.94
MS5803_01BA	512	4.906	23.07	1010.95
MS5803_01BA	512	4.912	23.08	1011.01
MS5803_01BA	512	4.918	23.08	1010.96
MS5803_01BA	512	4.924	23.08	1011.01
MS5803_01BA	512	4.93	23.08	1010.99
MS5803_01BA	512	4.936	23.07	1010.98
MS5803_01BA	512	4.941	23.08	1011.07
MS5803_01BA	512	4.947	23.07	1010.98
MS5803_01BA	512	4.953	23.08	1011.04
MS5803_01BA	512	4.959	23.07	1011.03
MS5803_01BA	512	4.965	23.07	1010.97
MS5803_01BA	512	4.971	23.07	1011.01
MS5803_01BA	512	4.977	23.06	1011.01
MS5803_01BA	512	4.983	23.07	1010.95
MS5803_01BA	512	4.989	23.08	1011.04
MS5803_01BA	512	4.995	23.07	1010.97
